learning_rate,batch_size,weight_decay
0.0050705147268348535,64,2.0472230821749646e-05
